date	market	market_cap	non_rd	rd_other	innovation	Predicted innovation	innovation_150_75	innovation_200_100	innovation_250_125	
8/31/2002	1.00	1.00	1.00	1.00	0.99	0.99	0.99	0.99	0.99	
9/30/2002	0.90	0.88	0.91	0.88	0.85	0.85	0.86	0.86	0.87	
10/31/2002	0.95	0.97	0.95	0.95	0.98	0.99	0.99	0.97	0.97	
11/30/2002	1.03	1.04	1.01	1.05	1.16	1.17	1.16	1.12	1.11	
12/31/2002	0.98	0.97	0.98	0.98	1.02	1.03	1.02	1.01	1.00	
1/31/2003	0.96	0.94	0.95	0.95	0.99	1.01	1.00	0.98	0.98	
2/28/2003	0.94	0.93	0.93	0.94	1.00	1.02	1.01	0.99	0.99	
3/31/2003	0.94	0.94	0.94	0.94	1.00	1.01	1.01	0.99	0.98	
4/30/2003	1.03	1.03	1.03	1.03	1.09	1.11	1.11	1.08	1.06	
5/31/2003	1.13	1.09	1.13	1.12	1.26	1.27	1.26	1.21	1.18	
6/30/2003	1.15	1.10	1.15	1.15	1.26	1.27	1.27	1.22	1.20	
7/31/2003	1.19	1.12	1.17	1.19	1.34	1.35	1.34	1.28	1.26	
8/31/2003	1.24	1.15	1.21	1.25	1.49	1.47	1.44	1.37	1.35	
9/30/2003	1.22	1.14	1.21	1.22	1.44	1.43	1.40	1.34	1.31	
10/31/2003	1.31	1.19	1.29	1.33	1.62	1.59	1.54	1.44	1.42	
11/30/2003	1.35	1.21	1.32	1.36	1.67	1.64	1.60	1.50	1.47	
12/31/2003	1.40	1.27	1.38	1.41	1.69	1.67	1.63	1.54	1.51	
1/31/2004	1.44	1.29	1.41	1.44	1.76	1.73	1.69	1.59	1.55	
2/29/2004	1.47	1.31	1.45	1.46	1.75	1.74	1.68	1.58	1.55	
3/31/2004	1.47	1.29	1.46	1.46	1.71	1.71	1.65	1.55	1.52	
4/30/2004	1.42	1.27	1.41	1.42	1.61	1.61	1.56	1.49	1.47	
5/31/2004	1.45	1.29	1.43	1.45	1.69	1.70	1.63	1.55	1.52	
6/30/2004	1.48	1.31	1.47	1.48	1.73	1.72	1.64	1.58	1.55	
7/31/2004	1.42	1.27	1.42	1.39	1.56	1.56	1.50	1.44	1.42	
8/31/2004	1.42	1.27	1.44	1.39	1.48	1.50	1.46	1.41	1.39	
9/30/2004	1.47	1.28	1.47	1.44	1.55	1.59	1.53	1.48	1.45	
10/31/2004	1.50	1.31	1.50	1.48	1.59	1.62	1.58	1.51	1.48	
11/30/2004	1.59	1.36	1.60	1.56	1.72	1.74	1.65	1.58	1.55	
12/31/2004	1.66	1.41	1.66	1.63	1.82	1.84	1.75	1.66	1.62	
1/31/2005	1.61	1.37	1.62	1.58	1.69	1.72	1.65	1.58	1.54	
2/28/2005	1.65	1.40	1.66	1.61	1.73	1.77	1.69	1.62	1.58	
3/31/2005	1.63	1.37	1.64	1.59	1.68	1.72	1.66	1.58	1.54	
4/30/2005	1.58	1.35	1.60	1.52	1.62	1.67	1.59	1.53	1.49	
5/31/2005	1.66	1.40	1.67	1.60	1.79	1.83	1.72	1.63	1.59	
6/30/2005	1.69	1.40	1.73	1.61	1.76	1.80	1.69	1.61	1.57	
7/31/2005	1.78	1.46	1.81	1.70	1.90	1.93	1.82	1.71	1.66	
8/31/2005	1.76	1.44	1.80	1.68	1.88	1.92	1.80	1.71	1.65	
9/30/2005	1.78	1.45	1.81	1.68	1.90	1.96	1.84	1.73	1.66	
10/31/2005	1.73	1.43	1.77	1.65	1.81	1.91	1.80	1.69	1.62	
11/30/2005	1.81	1.48	1.84	1.72	1.93	2.00	1.89	1.77	1.70	
12/31/2005	1.83	1.48	1.86	1.74	1.96	2.05	1.91	1.79	1.71	
1/31/2006	1.91	1.52	1.93	1.82	2.08	2.16	2.02	1.89	1.80	
2/28/2006	1.91	1.53	1.94	1.83	2.07	2.17	2.01	1.89	1.80	
3/31/2006	1.95	1.55	1.98	1.88	2.11	2.17	2.02	1.90	1.82	
4/30/2006	1.97	1.56	2.00	1.88	2.12	2.20	2.02	1.90	1.83	
5/31/2006	1.91	1.52	1.94	1.82	2.01	2.10	1.91	1.81	1.75	
6/30/2006	1.91	1.52	1.95	1.80	1.95	2.04	1.85	1.76	1.70	
7/31/2006	1.88	1.53	1.94	1.75	1.88	2.00	1.80	1.73	1.66	
8/31/2006	1.93	1.57	1.98	1.81	1.99	2.11	1.92	1.82	1.74	
9/30/2006	1.96	1.61	2.01	1.86	2.04	2.18	1.97	1.87	1.79	
10/31/2006	2.04	1.66	2.08	1.94	2.10	2.25	2.05	1.94	1.86	
11/30/2006	2.11	1.70	2.15	2.01	2.15	2.28	2.09	1.98	1.90	
12/31/2006	2.12	1.72	2.17	2.01	2.15	2.28	2.08	1.97	1.89	
1/31/2007	2.19	1.75	2.23	2.08	2.19	2.31	2.11	2.02	1.94	
2/28/2007	2.19	1.72	2.23	2.09	2.18	2.27	2.09	2.01	1.94	
3/31/2007	2.21	1.74	2.25	2.12	2.15	2.25	2.08	2.01	1.93	
4/30/2007	2.29	1.82	2.33	2.20	2.32	2.45	2.21	2.12	2.04	
5/31/2007	2.38	1.88	2.42	2.29	2.39	2.54	2.28	2.18	2.10	
6/30/2007	2.34	1.85	2.36	2.27	2.42	2.56	2.28	2.18	2.09	
7/31/2007	2.24	1.78	2.24	2.20	2.40	2.55	2.24	2.14	2.05	
8/31/2007	2.25	1.81	2.24	2.21	2.46	2.61	2.28	2.18	2.09	
9/30/2007	2.31	1.88	2.31	2.27	2.53	2.71	2.36	2.28	2.17	
10/31/2007	2.35	1.90	2.34	2.31	2.59	2.79	2.44	2.34	2.22	
11/30/2007	2.23	1.82	2.22	2.21	2.39	2.58	2.26	2.19	2.09	
12/31/2007	2.20	1.80	2.20	2.18	2.37	2.57	2.24	2.18	2.08	
1/31/2008	2.11	1.73	2.12	2.07	2.08	2.27	2.05	1.98	1.90	
2/29/2008	2.04	1.65	2.04	2.02	2.07	2.24	1.99	1.96	1.88	
3/31/2008	2.00	1.64	1.99	2.01	2.04	2.19	1.98	1.95	1.87	
4/30/2008	2.12	1.72	2.10	2.12	2.20	2.33	2.09	2.06	1.96	
5/31/2008	2.19	1.74	2.16	2.21	2.35	2.50	2.22	2.17	2.08	
6/30/2008	1.97	1.59	1.94	1.98	2.12	2.25	2.00	1.95	1.88	
7/31/2008	1.95	1.58	1.92	1.99	2.09	2.22	2.05	1.98	1.90	
8/31/2008	2.01	1.60	1.98	2.05	2.15	2.28	2.10	2.05	1.96	
9/30/2008	1.78	1.44	1.76	1.80	1.88	2.02	1.86	1.80	1.71	
10/31/2008	1.40	1.18	1.38	1.39	1.54	1.65	1.51	1.48	1.40	
11/30/2008	1.25	1.09	1.24	1.26	1.34	1.44	1.36	1.33	1.25	
12/31/2008	1.31	1.11	1.30	1.30	1.45	1.56	1.44	1.41	1.32	
1/31/2009	1.21	1.01	1.18	1.24	1.46	1.57	1.42	1.39	1.29	
2/28/2009	1.08	0.90	1.04	1.11	1.34	1.46	1.32	1.29	1.19	
3/31/2009	1.19	0.99	1.14	1.24	1.56	1.71	1.53	1.46	1.34	
4/30/2009	1.43	1.12	1.37	1.49	1.80	1.95	1.75	1.68	1.55	
5/31/2009	1.53	1.18	1.49	1.56	1.87	2.03	1.82	1.74	1.60	
6/30/2009	1.52	1.19	1.47	1.57	1.92	2.07	1.88	1.79	1.65	
7/31/2009	1.67	1.28	1.61	1.73	2.09	2.26	2.03	1.93	1.78	
8/31/2009	1.78	1.33	1.74	1.81	2.18	2.35	2.10	2.00	1.85	
9/30/2009	1.90	1.38	1.84	1.93	2.31	2.49	2.24	2.13	1.97	
10/31/2009	1.81	1.36	1.75	1.87	2.13	2.29	2.12	2.02	1.89	
11/30/2009	1.90	1.44	1.84	1.96	2.26	2.44	2.23	2.12	1.98	
12/31/2009	2.00	1.47	1.94	2.06	2.50	2.69	2.44	2.29	2.13	
1/31/2010	1.95	1.42	1.89	1.99	2.36	2.54	2.31	2.18	2.04	
2/28/2010	2.03	1.46	1.96	2.10	2.48	2.67	2.41	2.29	2.13	
3/31/2010	2.18	1.55	2.10	2.26	2.64	2.85	2.57	2.45	2.27	
4/30/2010	2.27	1.57	2.18	2.35	2.73	2.95	2.67	2.54	2.36	
5/31/2010	2.09	1.45	2.02	2.17	2.51	2.72	2.46	2.34	2.17	
6/30/2010	1.96	1.37	1.89	2.04	2.32	2.54	2.28	2.19	2.04	
7/31/2010	2.10	1.47	2.02	2.19	2.42	2.67	2.40	2.32	2.15	
8/31/2010	2.00	1.41	1.92	2.09	2.31	2.57	2.33	2.24	2.07	
9/30/2010	2.21	1.54	2.11	2.34	2.61	2.90	2.64	2.52	2.33	
10/31/2010	2.29	1.60	2.17	2.44	2.81	3.10	2.81	2.68	2.46	
11/30/2010	2.33	1.60	2.21	2.50	2.86	3.15	2.85	2.71	2.49	
12/31/2010	2.50	1.71	2.37	2.67	3.09	3.39	3.05	2.89	2.66	
1/31/2011	2.56	1.76	2.42	2.73	3.23	3.54	3.15	2.98	2.75	
2/28/2011	2.66	1.81	2.53	2.83	3.37	3.68	3.27	3.09	2.85	
3/31/2011	2.70	1.81	2.56	2.88	3.38	3.68	3.27	3.10	2.86	
4/30/2011	2.78	1.87	2.62	2.98	3.56	3.89	3.44	3.24	3.00	
5/31/2011	2.76	1.85	2.60	2.96	3.55	3.88	3.43	3.23	2.99	
6/30/2011	2.70	1.81	2.53	2.92	3.38	3.70	3.30	3.11	2.90	
7/31/2011	2.60	1.78	2.46	2.79	3.16	3.47	3.10	2.95	2.75	
8/31/2011	2.42	1.68	2.28	2.61	2.86	3.16	2.80	2.70	2.54	
9/30/2011	2.18	1.54	2.04	2.36	2.69	2.97	2.58	2.50	2.34	
10/31/2011	2.47	1.72	2.32	2.68	3.05	3.35	2.92	2.81	2.63	
11/30/2011	2.46	1.72	2.31	2.67	2.99	3.30	2.87	2.75	2.60	
12/31/2011	2.46	1.73	2.32	2.65	2.93	3.25	2.81	2.69	2.54	
1/31/2012	2.62	1.83	2.45	2.87	3.27	3.63	3.17	3.00	2.81	
2/29/2012	2.74	1.91	2.56	3.00	3.39	3.73	3.29	3.10	2.91	
3/31/2012	2.80	1.96	2.62	3.05	3.48	3.82	3.38	3.18	2.99	
4/30/2012	2.78	1.94	2.61	3.04	3.35	3.69	3.25	3.08	2.92	
5/31/2012	2.58	1.82	2.42	2.80	3.05	3.36	2.96	2.79	2.65	
6/30/2012	2.65	1.89	2.51	2.85	3.14	3.43	3.01	2.84	2.70	
7/31/2012	2.64	1.92	2.50	2.83	3.06	3.36	2.93	2.78	2.65	
8/31/2012	2.72	1.96	2.58	2.93	3.16	3.46	3.04	2.90	2.77	
9/30/2012	2.78	2.01	2.65	2.99	3.15	3.45	3.05	2.93	2.80	
10/31/2012	2.76	1.98	2.65	2.94	3.03	3.30	2.90	2.80	2.69	
11/30/2012	2.81	1.99	2.67	3.02	3.20	3.45	3.07	2.94	2.81	
12/31/2012	2.88	2.01	2.73	3.09	3.30	3.53	3.16	3.02	2.88	
1/31/2013	3.08	2.13	2.93	3.28	3.61	3.87	3.44	3.27	3.11	
2/28/2013	3.12	2.16	2.98	3.30	3.73	3.98	3.50	3.32	3.14	
3/31/2013	3.26	2.24	3.12	3.43	3.94	4.19	3.67	3.47	3.27	
4/30/2013	3.29	2.28	3.16	3.45	4.00	4.31	3.71	3.50	3.29	
5/31/2013	3.38	2.33	3.23	3.56	4.23	4.58	3.92	3.66	3.43	
6/30/2013	3.34	2.30	3.20	3.50	4.20	4.57	3.88	3.61	3.37	
7/31/2013	3.54	2.42	3.37	3.74	4.49	4.85	4.12	3.84	3.59	
8/31/2013	3.44	2.36	3.26	3.66	4.40	4.73	4.02	3.76	3.52	
9/30/2013	3.60	2.44	3.40	3.84	4.72	5.03	4.29	3.98	3.72	
10/31/2013	3.74	2.55	3.55	3.97	4.75	5.08	4.36	4.07	3.82	
11/30/2013	3.82	2.62	3.60	4.09	4.96	5.30	4.58	4.25	3.98	
12/31/2013	3.94	2.69	3.71	4.21	5.17	5.53	4.75	4.41	4.13	
1/31/2014	3.85	2.60	3.64	4.08	5.29	5.62	4.84	4.47	4.14	
2/28/2014	4.07	2.72	3.82	4.32	5.67	6.01	5.19	4.78	4.40	
3/31/2014	4.07	2.74	3.85	4.30	5.56	5.90	5.10	4.69	4.34	
4/30/2014	4.05	2.77	3.84	4.28	5.40	5.75	4.96	4.58	4.25	
5/31/2014	4.13	2.83	3.91	4.36	5.59	5.95	5.15	4.71	4.36	
6/30/2014	4.27	2.89	4.05	4.49	5.87	6.18	5.38	4.92	4.55	
7/31/2014	4.14	2.85	3.93	4.33	5.75	6.06	5.25	4.79	4.42	
8/31/2014	4.33	2.96	4.10	4.53	6.06	6.42	5.55	5.03	4.64	
9/30/2014	4.18	2.91	3.94	4.39	5.99	6.34	5.43	4.88	4.50	
10/31/2014	4.29	2.98	4.05	4.51	6.16	6.49	5.56	5.02	4.64	
11/30/2014	4.38	3.06	4.11	4.66	6.41	6.78	5.74	5.19	4.79	
12/31/2014	4.39	3.05	4.11	4.67	6.35	6.71	5.71	5.18	4.79	
1/31/2015	4.29	2.96	4.01	4.59	6.18	6.54	5.61	5.09	4.69	
2/28/2015	4.55	3.13	4.23	4.90	6.65	7.06	6.07	5.47	5.03	
3/31/2015	4.54	3.09	4.24	4.88	6.50	6.86	5.93	5.38	4.96	
4/30/2015	4.54	3.12	4.24	4.86	6.59	6.98	5.98	5.42	4.98	
5/31/2015	4.58	3.16	4.25	4.95	6.86	7.23	6.22	5.60	5.11	
6/30/2015	4.49	3.10	4.16	4.86	6.58	6.96	6.05	5.46	4.99	
7/31/2015	4.49	3.15	4.16	4.84	6.66	7.08	6.08	5.48	5.03	
8/31/2015	4.26	2.96	3.96	4.60	6.19	6.66	5.69	5.14	4.72	
9/30/2015	4.07	2.88	3.80	4.38	5.81	6.30	5.37	4.89	4.49	
10/31/2015	4.34	3.10	4.02	4.70	6.42	7.02	5.91	5.35	4.91	
11/30/2015	4.36	3.11	4.03	4.73	6.54	7.11	6.05	5.47	5.02	
12/31/2015	4.22	3.05	3.88	4.62	6.42	7.05	5.96	5.35	4.92	
1/31/2016	3.93	2.88	3.60	4.34	5.65	6.26	5.35	4.88	4.51	
2/29/2016	3.98	2.90	3.60	4.49	5.82	6.40	5.46	5.01	4.64	
3/31/2016	4.33	3.10	3.94	4.84	6.21	6.78	5.84	5.38	4.97	
4/30/2016	4.41	3.14	4.06	4.89	6.08	6.66	5.74	5.33	4.94	
5/31/2016	4.47	3.20	4.11	4.92	6.34	7.04	5.98	5.54	5.12	
6/30/2016	4.44	3.20	4.08	4.92	6.17	6.93	5.83	5.43	5.03	
7/31/2016	4.64	3.32	4.23	5.19	6.71	7.52	6.34	5.88	5.40	
8/31/2016	4.66	3.33	4.25	5.20	6.88	7.74	6.44	5.97	5.49	
9/30/2016	4.68	3.33	4.26	5.20	7.06	7.97	6.59	6.07	5.56	
10/31/2016	4.55	3.27	4.14	5.06	6.75	7.64	6.35	5.84	5.35	
11/30/2016	4.81	3.41	4.42	5.27	7.24	8.15	6.68	6.11	5.58	
12/31/2016	4.86	3.47	4.49	5.27	7.28	8.20	6.74	6.15	5.61	
1/31/2017	4.98	3.54	4.57	5.44	7.66	8.62	7.09	6.47	5.85	
2/28/2017	5.13	3.68	4.70	5.60	8.13	9.15	7.51	6.82	6.17	
3/31/2017	5.12	3.69	4.66	5.65	8.17	9.20	7.54	6.87	6.23	
4/30/2017	5.16	3.72	4.66	5.74	8.43	9.47	7.76	7.05	6.39	
5/31/2017	5.15	3.76	4.63	5.74	8.91	10.07	8.17	7.41	6.68	
6/30/2017	5.24	3.79	4.72	5.82	8.81	9.99	8.13	7.40	6.68	
7/31/2017	5.32	3.86	4.80	5.89	9.09	10.36	8.37	7.62	6.87	
8/31/2017	5.28	3.86	4.74	5.88	9.30	10.58	8.48	7.73	6.97	
9/30/2017	5.45	3.95	4.89	6.06	9.62	10.86	8.64	7.86	7.10	
10/31/2017	5.52	4.02	4.94	6.15	9.97	11.29	9.00	8.21	7.42	
11/30/2017	5.71	4.16	5.11	6.37	10.21	11.47	9.22	8.41	7.60	
12/31/2017	5.78	4.21	5.20	6.44	9.99	11.25	9.07	8.30	7.53	
1/31/2018	5.99	4.42	5.33	6.74	10.80	12.04	9.73	8.93	8.07	
2/28/2018	5.74	4.24	5.10	6.43	10.66	11.93	9.60	8.78	7.89	
3/31/2018	5.73	4.15	5.13	6.36	10.40	11.65	9.44	8.64	7.78	
4/30/2018	5.74	4.17	5.20	6.28	10.17	11.41	9.29	8.52	7.66	
5/31/2018	5.88	4.26	5.30	6.45	10.86	12.12	9.84	9.07	8.10	
6/30/2018	5.95	4.29	5.38	6.50	10.96	12.20	9.90	9.14	8.19	
7/31/2018	6.10	4.44	5.49	6.70	11.32	12.62	10.16	9.35	8.40	
8/31/2018	6.27	4.58	5.63	6.89	12.05	13.36	10.80	9.91	8.87	
9/30/2018	6.24	4.59	5.58	6.90	12.02	13.37	10.74	9.86	8.82	
10/31/2018	5.73	4.28	5.17	6.28	10.62	11.81	9.69	8.82	7.88	
11/30/2018	5.87	4.38	5.27	6.48	11.01	12.27	10.02	9.12	8.16	
12/31/2018	5.29	3.98	4.72	5.88	10.07	11.26	9.22	8.36	7.47	
1/31/2019	5.89	4.34	5.27	6.52	11.25	12.56	10.18	9.27	8.29	
2/28/2019	6.13	4.49	5.43	6.86	11.85	13.18	10.81	9.89	8.83	
3/31/2019	6.14	4.55	5.42	6.92	11.92	13.30	10.80	9.93	8.92	
4/30/2019	6.37	4.74	5.64	7.15	12.24	13.70	11.12	10.30	9.27	
5/31/2019	5.92	4.44	5.28	6.59	11.09	12.40	10.10	9.38	8.49	
6/30/2019	6.33	4.76	5.57	7.17	12.24	13.64	11.05	10.31	9.35	
7/31/2019	6.40	4.83	5.64	7.23	12.39	13.75	11.21	10.43	9.47	
8/31/2019	6.18	4.74	5.44	7.01	11.59	13.02	10.57	9.96	9.05	
9/30/2019	6.34	4.84	5.59	7.21	11.70	13.14	10.68	10.05	9.16	
10/31/2019	6.40	4.96	5.62	7.31	12.14	13.65	11.02	10.31	9.40	
11/30/2019	6.65	5.15	5.79	7.64	13.02	14.76	11.88	11.05	10.02	
12/31/2019	6.82	5.31	5.94	7.82	13.50	15.29	12.27	11.39	10.32	
1/31/2020	6.69	5.29	5.84	7.66	13.35	15.03	12.25	11.37	10.30	
2/29/2020	6.11	4.86	5.28	7.04	12.94	14.70	11.77	10.82	9.75	
3/31/2020	4.88	4.22	4.02	5.97	11.61	13.51	10.50	9.69	8.73	
4/30/2020	5.58	4.76	4.62	6.78	13.27	15.44	12.15	11.18	10.05	
5/31/2020	5.93	5.00	4.85	7.29	14.58	16.85	13.26	12.17	10.96	
6/30/2020	6.07	5.09	4.98	7.42	15.22	17.50	13.73	12.55	11.29	
7/31/2020	6.34	5.35	5.16	7.86	15.70	18.22	14.45	13.22	11.95	
8/31/2020	6.64	5.70	5.41	8.25	16.14	18.74	15.05	13.82	12.42	
9/30/2020	6.47	5.51	5.24	8.11	15.44	18.08	14.40	13.30	12.00	
10/31/2020	6.51	5.39	5.28	8.17	15.28	17.71	14.12	13.13	11.90	
11/30/2020	7.49	6.09	6.15	9.23	17.47	20.05	16.15	14.88	13.40	
12/31/2020	7.90	6.34	6.48	9.71	18.91	21.57	17.48	16.01	14.39	
1/31/2021	7.92	6.27	6.49	9.73	19.16	21.87	17.77	16.23	14.52	
2/28/2021	8.40	6.53	7.01	10.07	20.00	22.56	18.44	16.74	14.93	
3/31/2021	8.72	6.85	7.29	10.47	20.12	22.89	18.55	16.78	15.05	
4/30/2021	9.14	7.18	7.69	10.91	20.26	23.11	18.83	17.23	15.49	
5/31/2021	9.24	7.19	7.79	10.98	20.25	23.09	18.86	17.17	15.42	
6/30/2021	9.29	7.37	7.78	11.12	21.27	24.16	19.86	18.08	16.20	
7/31/2021	9.32	7.53	7.76	11.28	21.07	24.08	19.91	18.33	16.52	
8/31/2021	9.51	7.73	7.94	11.42	21.66	24.70	20.49	18.81	16.90	
9/30/2021	9.16	7.39	7.69	10.95	20.45	23.36	19.42	17.88	16.11	
10/31/2021	9.62	7.88	8.08	11.50	21.26	24.33	20.42	19.02	17.08	
11/30/2021	9.23	7.75	7.66	11.19	21.34	24.72	20.27	18.72	16.73	
12/31/2021	9.66	8.07	8.02	11.70	22.50	26.03	21.21	19.37	17.29	
1/31/2022	9.08	7.62	7.59	10.89	20.63	23.87	19.37	17.75	15.77	
2/28/2022	9.02	7.40	7.56	10.80	20.05	23.27	18.88	17.23	15.35	
3/31/2022	9.19	7.64	7.74	10.94	20.36	23.68	19.20	17.55	15.55	
4/30/2022	8.53	6.99	7.17	10.19	18.61	21.59	17.48	15.85	14.06	
5/31/2022	8.52	6.96	7.18	10.15	18.43	21.73	17.19	15.67	13.92	
6/30/2022	7.72	6.37	6.43	9.33	17.23	20.21	15.87	14.37	12.83	
7/31/2022	8.42	6.99	7.00	10.23	18.55	21.78	17.40	15.69	14.15	
8/31/2022	8.17	6.72	6.82	9.84	18.05	21.03	16.71	15.09	13.58	
9/30/2022	7.37	6.08	6.13	8.93	16.42	19.33	15.31	13.81	12.41	
10/31/2022	8.03	6.52	6.67	9.78	17.53	20.69	16.51	14.86	13.36	
11/30/2022	8.50	6.88	7.02	10.44	18.61	21.86	17.62	15.93	14.23	
12/31/2022	8.05	6.47	6.59	10.04	17.69	20.85	16.74	15.17	13.54	
1/31/2023	8.88	7.07	7.34	10.88	19.46	22.75	18.49	16.78	14.94	
2/28/2023	8.62	6.95	7.08	10.66	19.16	22.37	18.09	16.43	14.60	
3/31/2023	8.45	7.18	6.78	10.79	19.95	23.50	19.00	17.32	15.33	
4/30/2023	8.37	7.21	6.74	10.67	19.16	22.74	18.36	16.79	14.88	
5/31/2023	8.17	7.19	6.55	10.37	20.09	23.87	18.83	17.24	15.12	
6/30/2023	8.87	7.68	7.14	11.27	20.72	24.85	19.45	18.02	15.85	
7/31/2023	9.34	7.95	7.62	11.65	21.55	25.76	20.23	18.68	16.43	
8/31/2023	8.97	7.79	7.27	11.27	21.16	25.46	19.68	18.23	15.92	
9/30/2023	8.50	7.44	6.91	10.62	20.22	24.55	18.59	17.12	14.90	
10/31/2023	8.08	7.26	6.61	10.00	19.13	23.38	17.54	16.15	13.94	
11/30/2023	8.86	7.90	7.25	10.93	21.25	25.85	19.48	17.85	15.49	
12/31/2023	9.62	8.29	7.86	11.90	22.94	27.74	21.20	19.38	16.87	
1/31/2024	9.46	8.36	7.70	11.73	23.27	28.49	21.35	19.61	16.90	
2/29/2024	9.89	8.72	8.06	12.23	24.41	29.72	22.39	20.57	17.73	
3/31/2024	10.31	9.00	8.42	12.73	24.89	30.25	22.91	21.04	18.13	
4/30/2024	9.73	8.61	7.95	12.04	23.38	28.46	21.55	19.67	16.99	
5/31/2024	10.05	8.94	8.24	12.32	24.62	29.99	22.31	20.38	17.68	
6/30/2024	9.96	9.19	8.15	12.16	25.47	31.64	23.06	21.18	18.11	
7/31/2024	10.49	9.43	8.69	12.62	26.27	31.88	23.43	21.47	18.56	
8/31/2024	10.65	9.66	8.83	12.78	26.87	32.80	23.88	21.98	18.95	
9/30/2024	10.87	9.88	9.04	13.01	26.98	33.09	24.20	22.32	19.29	
10/31/2024	10.80	9.77	9.08	12.69	26.93	33.00	24.16	22.26	19.15	
11/30/2024	11.71	10.45	9.95	13.53	29.33	35.17	26.18	24.12	20.61	
12/31/2024	10.98	10.13	9.27	12.75	28.59	34.06	25.26	23.22	19.78	
1/31/2025	11.44	10.46	9.69	13.19	30.39	35.93	26.70	24.45	20.68	
2/28/2025	11.11	10.34	9.49	12.70	28.69	34.03	25.09	23.03	19.45	
3/31/2025	10.57	9.82	9.06	12.06	26.21	31.34	23.05	21.30	18.05	
4/30/2025	10.33	9.68	8.83	11.81	26.04	30.80	22.89	21.22	17.88	
5/31/2025	10.84	10.29	9.24	12.47	27.26	32.18	24.13	22.35	18.97	
6/30/2025	11.28	10.79	9.58	12.97	29.23	34.63	25.79	23.72	20.09	
7/31/2025	11.46	11.02	9.71	13.20	30.34	35.96	26.64	24.24	20.65	
8/31/2025	11.87	11.26	10.09	13.62	31.13	37.13	27.04	24.72	20.98	
9/30/2025	11.91	11.61	10.08	13.64	32.95	39.89	28.40	25.54	21.52	
10/31/2025	11.83	11.81	9.83	13.75	35.70	43.56	30.44	26.92	22.58	
11/30/2025	12.03	11.83	10.06	13.87	36.22	44.21	30.47	26.98	22.54	
12/31/2025	12.07	11.86	10.13	13.80	36.69	44.77	30.92	27.12	22.58	
1/31/2026	12.41	11.94	10.39	14.34	36.03	44.94	30.86	26.98	22.45	
2/28/2026	12.75	11.90	10.60	14.89	36.81	45.87	32.06	27.87	22.89	
3/31/2026	12.03	11.32	10.05	13.94	35.42	44.44	30.45	26.29	21.50	
4/30/2026	12.84	12.28	10.67	14.84	40.29	52.07	34.51	29.21	23.74	
5/31/2026	13.11	12.84	10.68	15.38	45.06	59.15	39.05	32.82	26.12	
6/30/2026	13.43	12.59	11.01	15.68	44.46	58.97	39.33	33.10	26.16	
7/31/2026	13.49	12.80	11.18	15.53	45.15	58.25	37.88	32.41	25.89	
8/31/2026	13.97	13.22	11.41	16.20	50.62	65.75	41.65	35.75	28.29	
										